{"calc_effective_T": [5818.411911455251, 100], "luminosity": [1.0745711986974973, 0.04], "star_feh": [0.03336844210016597, 0.1]}