{"calc_effective_T": [5968.134102257298, 100], "luminosity": [1.1211749736953407, 0.04], "star_feh": [-0.07626674565045606, 0.1]}