{"calc_effective_T": [5968.134102257298, 100], "luminosity": [1.1211749736953407, 0.04], "star_feh": [-0.07626674565045606, 0.1], "nu_1_16": [2306.1370698926926, 1.6454928116442245], "nu_1_17": [2433.8775696514426, 0.7297093488801499], "nu_1_18": [2562.453663901963, 0.17163094129751358], "nu_1_19": [2692.0103491862747, 0.18119495243701408], "nu_1_20": [2821.1315373614298, 0.1345675619304641], "nu_1_21": [2950.630513428333, 0.13449994821372743], "nu_1_22": [3080.142638085818, 0.16903998194317507], "nu_1_23": [3210.3038153816215, 0.4701316423661195], "nu_1_24": [3340.359322292862, 0.94838635274436], "nu_1_25": [3470.651079213913, 3.258983749230733], "nu_0_16": [2242.414454855533, 3.8576712425582587], "nu_0_17": [2372.3858282721726, 2.875236940564262], "nu_0_18": [2502.570962466211, 1.4225702062798269], "nu_0_19": [2630.344795410859, 0.6072815059727972], "nu_0_20": [2759.5916085729514, 0.23462553004896064], "nu_0_21": [2889.212419756107, 0.23447821658321852], "nu_0_22": [3017.8093641897744, 0.5875250550371244], "nu_0_23": [3148.43556281578, 0.4185664377721573], "nu_0_24": [3277.5644817846514, 3.2977213829004306], "nu_0_25": [3408.322382185944, 1.2707961379585622], "nu_2_15": [2233.3487880303455, 3.973882851402752], "nu_2_16": [2363.84261478192, 3.4516330767217673], "nu_2_17": [2491.505272226082, 1.735276839380617], "nu_2_18": [2621.4607252164988, 1.3688938199728091], "nu_2_19": [2750.962136945807, 1.5369428107121161], "nu_2_20": [2880.3377571594588, 2.2291818497298195], "nu_2_21": [3010.716008781917, 1.476182398886406], "nu_2_22": [3140.0513621857945, 2.8636142351609797], "nu_2_23": [3270.1070026321518, 0.9862165220487454], "nu_2_24": [3399.878810881394, 4.07003565027068], "dnu": [129.55657194458507, 0.04139957714068032], "nu_max": [2854.3082865366086, 3.1095592165536345]}