{"calc_effective_T": [6006.121141529562, 100], "luminosity": [1.1029320155958353, 0.04], "star_feh": [-0.0045284213582037925, 0.1], "nu_0_18": [2607.2534486779946, 0.14134488956428518], "nu_0_19": [2740.580107284864, 0.09264774513721258], "nu_0_20": [2873.6541375590978, 0.11562141501477283], "nu_0_21": [3007.2130394317714, 0.18024142266006815], "nu_0_22": [3140.9106869637853, 0.5987141650020218], "nu_2_17": [2598.7760749748477, 0.9079663793518309], "nu_2_18": [2733.450348568644, 1.306302536805008], "nu_2_19": [2867.294039901052, 0.2568597889778181], "nu_2_20": [3001.597815819533, 0.28267957730163235], "nu_2_21": [3135.969930107382, 1.0000738640584286], "dnu": [133.3152143909507, 0.023207200379687265], "nu_max": [2870.3098946034715, 2.6231423856813763]}