{"calc_effective_T": [5914.724415624791, 100], "luminosity": [1.1876499366990272, 0.04], "star_feh": [-0.05567492322991725, 0.1]}