{"calc_effective_T": [5803.690040435922, 100], "luminosity": [1.1306790765077008, 0.04], "star_feh": [-0.008296492135589266, 0.1], "nu_0_18": [2607.2534486779946, 0.14134488956428518], "nu_0_19": [2740.580107284864, 0.09264774513721258], "nu_0_20": [2873.6541375590978, 0.11562141501477283], "nu_0_21": [3007.2130394317714, 0.18024142266006815], "nu_0_22": [3140.9106869637853, 0.5987141650020218], "dnu": [133.3152143909507, 0.023207200379687265], "nu_max": [2870.3098946034715, 2.6231423856813763]}