{"calc_effective_T": [5904.7, 100], "luminosity": [1.159, 0.04], "star_feh": [-0.003, 0.1], "nu_1_16": [2306.625576509163, 0.27079028801540306], "nu_1_17": [2434.167625196937, 0.20852125851441142], "nu_1_18": [2562.4786749040413, 0.1044212128725958], "nu_1_19": [2692.0435495911415, 0.09027232931457223], "nu_1_20": [2821.1172567921117, 0.09034108775492568], "nu_1_21": [2950.6143641578615, 0.08545230789062402], "nu_1_22": [3080.1695331114543, 0.10702141611618372], "nu_1_23": [3210.3114893136967, 0.18021366855151283], "nu_1_24": [3340.50729087379, 0.19517282566251906], "nu_1_25": [3471.9795016519315, 1.048630640781679], "nu_0_16": [2246.9517447052963, 1.806387907698245], "nu_0_17": [2374.1401869661536, 0.3469053510906676], "nu_0_18": [2502.170360151666, 0.2431521197690805], "nu_0_19": [2630.4450585939926, 0.14924480103885351], "nu_0_20": [2759.587121723849, 0.10870946967494224], "nu_0_21": [2888.986981298953, 0.11768164642763064], "nu_0_22": [3017.9212209693696, 0.12397902044630378], "nu_0_23": [3148.298979032945, 0.15632679832063912], "nu_0_24": [3278.365981758333, 0.20307736699701637], "nu_0_25": [3408.4966667243584, 0.29271183349332386], "nu_2_15": [2236.4022078100534, 3.0583575196781085], "nu_2_16": [2364.678336149899, 0.7992677000240122], "nu_2_17": [2491.893707858868, 0.3236114519997636], "nu_2_18": [2621.352958716195, 0.23013082141495225], "nu_2_19": [2750.8158563177776, 0.16056917980066587], "nu_2_20": [2880.385608624482, 0.2003790665994858], "nu_2_21": [3010.1990479504, 0.191045056161271], "nu_2_22": [3140.127539134248, 0.2126345484501092], "nu_2_23": [3270.438788274945, 0.2580029445005194], "nu_2_24": [3401.375273208538, 0.9362170406729067], "dnu": [129.41646609306636, 0.02592190726882393], "nu_max": [2861.490572124567, 3.2170460442864623]}