{"calc_effective_T": [5904.7, 100], "luminosity": [1.159, 0.04], "star_feh": [-0.003, 0.1], "nu_0_16": [2246.9517447052963, 1.806387907698245], "nu_0_17": [2374.1401869661536, 0.3469053510906676], "nu_0_18": [2502.170360151666, 0.2431521197690805], "nu_0_19": [2630.4450585939926, 0.14924480103885351], "nu_0_20": [2759.587121723849, 0.10870946967494224], "nu_0_21": [2888.986981298953, 0.11768164642763064], "nu_0_22": [3017.9212209693696, 0.12397902044630378], "nu_0_23": [3148.298979032945, 0.15632679832063912], "nu_0_24": [3278.365981758333, 0.20307736699701637], "nu_0_25": [3408.4966667243584, 0.29271183349332386], "dnu": [129.41646609306636, 0.02592190726882393], "nu_max": [2861.490572124567, 3.2170460442864623]}