{"calc_effective_T": [5803.690040435922, 100], "luminosity": [1.1306790765077008, 0.04], "star_feh": [-0.008296492135589266, 0.1]}