{"calc_effective_T": [5904.7, 100], "luminosity": [1.159, 0.04], "star_feh": [-0.003, 0.1], "nu_1_16": [2306.7929148692074, 0.17210120227128298], "nu_1_17": [2434.1881980948065, 0.12947088934510936], "nu_1_18": [2562.532939788913, 0.08931076495629703], "nu_1_19": [2692.0261527111556, 0.0766628297714363], "nu_1_20": [2821.120234714332, 0.07270619520142739], "nu_1_21": [2950.601175524798, 0.064504171606366], "nu_1_22": [3080.152493660882, 0.08432286868349256], "nu_1_23": [3210.338315503343, 0.12064254272300597], "nu_1_24": [3340.722723574863, 0.14716238106357613], "nu_1_25": [3471.90183457733, 0.40718191062927883], "nu_0_16": [2247.41888601611, 0.5076047832963925], "nu_0_17": [2374.1289359189445, 0.1843616557632448], "nu_0_18": [2502.011844828383, 0.14283882148003377], "nu_0_19": [2630.4840667615463, 0.10054786298574755], "nu_0_20": [2759.5953889267416, 0.08058375793005627], "nu_0_21": [2888.916274631382, 0.08084788580397449], "nu_0_22": [3018.0001197930233, 0.09358748270394607], "nu_0_23": [3148.196678105809, 0.11576693599846986], "nu_0_24": [3278.218610891229, 0.1365899532595796], "nu_0_25": [3408.6156446047135, 0.22442752554092807], "nu_2_15": [2237.1801625609, 1.1478261582544278], "nu_2_16": [2364.469747136995, 0.347716563797511], "nu_2_17": [2492.3350464854984, 0.2152476573327041], "nu_2_18": [2621.349507877344, 0.126784657618782], "nu_2_19": [2750.964371328237, 0.13847511236267673], "nu_2_20": [2880.36794380008, 0.13052134099770699], "nu_2_21": [3010.061188869539, 0.11817508985255705], "nu_2_22": [3140.043392699537, 0.12017909376497762], "nu_2_23": [3270.582096336778, 0.1681238288867362], "nu_2_24": [3401.4163892109805, 0.3299942655798133], "dnu": [129.3750289156296, 0.017530426187363446], "nu_max": [2867.3883089214437, 2.072232774204849]}