{"calc_effective_T": [5818.411911455251, 100], "luminosity": [1.0745711986974973, 0.04], "star_feh": [0.03336844210016597, 0.1], "nu_0_16": [2247.41888601611, 0.5076047832963925], "nu_0_17": [2374.1289359189445, 0.1843616557632448], "nu_0_18": [2502.011844828383, 0.14283882148003377], "nu_0_19": [2630.4840667615463, 0.10054786298574755], "nu_0_20": [2759.5953889267416, 0.08058375793005627], "nu_0_21": [2888.916274631382, 0.08084788580397449], "nu_0_22": [3018.0001197930233, 0.09358748270394607], "nu_0_23": [3148.196678105809, 0.11576693599846986], "nu_0_24": [3278.218610891229, 0.1365899532595796], "nu_0_25": [3408.6156446047135, 0.22442752554092807], "dnu": [129.3750289156296, 0.017530426187363446], "nu_max": [2867.3883089214437, 2.072232774204849]}