{"calc_effective_T": [6006.121141529562, 100], "luminosity": [1.1029320155958353, 0.04], "star_feh": [-0.0045284213582037925, 0.1], "nu_0_16": [2242.414454855533, 3.8576712425582587], "nu_0_17": [2372.3858282721726, 2.875236940564262], "nu_0_18": [2502.570962466211, 1.4225702062798269], "nu_0_19": [2630.344795410859, 0.6072815059727972], "nu_0_20": [2759.5916085729514, 0.23462553004896064], "nu_0_21": [2889.212419756107, 0.23447821658321852], "nu_0_22": [3017.8093641897744, 0.5875250550371244], "nu_0_23": [3148.43556281578, 0.4185664377721573], "nu_0_24": [3277.5644817846514, 3.2977213829004306], "nu_0_25": [3408.322382185944, 1.2707961379585622], "dnu": [129.55657194458507, 0.04139957714068032], "nu_max": [2854.3082865366086, 3.1095592165536345]}