{"calc_effective_T": [6006.121141529562, 100], "luminosity": [1.1029320155958353, 0.04], "star_feh": [-0.0045284213582037925, 0.1]}